file_name,label
captcha05723.png,146
captcha01899.png,336
captcha05314.png,272
captcha04466.png,71
captcha04602.png,314
captcha02656.png,166
captcha0912.png,174
captcha03219.png,316
captcha03252.png,112
captcha05293.png,150
captcha04378.png,275
captcha0803.png,345
captcha02446.png,267
captcha04887.png,31
captcha04167.png,327
captcha0317.png,273
captcha04268.png,209
captcha0584.png,185
captcha04093.png,98
captcha02276.png,326
captcha03066.png,29
captcha05564.png,191
captcha02236.png,162
captcha0631.png,350
captcha04019.png,163
captcha02419.png,185
captcha01370.png,75
captcha01346.png,190
captcha02126.png,11
captcha02885.png,179
captcha01256.png,359
captcha0662.png,10
captcha04572.png,286
captcha04615.png,148
captcha0697.png,176
captcha01182.png,107
captcha05864.png,3
captcha04881.png,197
captcha03804.png,208
captcha02974.png,270
captcha02393.png,98
captcha05818.png,154
captcha05253.png,255
captcha04670.png,180
captcha01603.png,88
captcha0325.png,345
captcha01286.png,148
captcha02560.png,147
captcha05402.png,303
captcha05317.png,141
captcha0712.png,12
captcha05699.png,247
captcha01945.png,171
captcha02203.png,85
captcha01985.png,190
captcha05501.png,180
captcha03411.png,131
captcha01351.png,227
captcha05720.png,115
captcha04384.png,342
captcha01063.png,238
captcha0314.png,137
captcha04492.png,107
captcha05331.png,243
captcha04037.png,34
captcha05651.png,351
captcha02923.png,354
captcha02150.png,142
captcha01770.png,324
captcha05519.png,98
captcha05775.png,260
captcha0551.png,62
captcha04471.png,11
captcha0781.png,117
captcha03963.png,202
captcha04699.png,159
captcha04739.png,234
captcha0997.png,351
captcha0687.png,111
captcha05459.png,119
captcha03341.png,257
captcha05682.png,216
captcha03460.png,170
captcha05440.png,248
captcha03031.png,179
captcha04120.png,324
captcha04103.png,313
captcha03565.png,62
captcha02624.png,170
captcha05497.png,170
captcha04048.png,121
captcha01513.png,179
captcha03458.png,51
captcha02242.png,161
captcha0907.png,124
captcha01407.png,59
captcha01328.png,252
captcha04562.png,337
captcha02820.png,125
captcha01386.png,67
captcha0705.png,12
captcha02034.png,329
captcha04645.png,41
captcha02545.png,34
captcha02998.png,115
captcha04749.png,249
captcha01436.png,284
captcha05719.png,258
captcha03330.png,134
captcha05235.png,333
captcha03037.png,63
captcha04512.png,104
captcha05469.png,126
captcha01623.png,247
captcha04421.png,15
captcha01580.png,299
captcha04808.png,165
captcha04651.png,169
captcha02934.png,95
captcha01573.png,79
captcha02410.png,311
captcha02699.png,284
captcha02071.png,59
captcha05488.png,106
captcha01676.png,321
captcha01371.png,208
captcha0721.png,213
captcha03445.png,142
captcha03833.png,145
captcha04831.png,81
captcha02003.png,116
captcha01492.png,66
captcha04449.png,106
captcha05819.png,297
captcha04113.png,113
captcha04563.png,155
captcha05559.png,221
captcha03120.png,116
captcha02711.png,290
captcha04860.png,203
captcha04621.png,116
captcha04883.png,144
captcha0775.png,256
captcha02721.png,134
captcha0580.png,105
captcha04844.png,29
captcha0782.png,264
captcha04531.png,325
captcha03272.png,173
captcha02853.png,295
captcha05202.png,96
captcha01467.png,189
captcha02381.png,262
captcha02772.png,119
captcha05820.png,66
captcha04495.png,262
captcha02054.png,269
captcha03106.png,47
captcha05508.png,134
captcha01026.png,3
captcha02379.png,285
captcha01007.png,264
captcha05321.png,327
captcha02175.png,23
captcha04677.png,67
captcha04273.png,311
captcha05536.png,248
captcha02416.png,320
captcha04061.png,89
captcha04128.png,253
captcha0379.png,249
captcha01065.png,200
captcha0918.png,223
captcha02188.png,190
captcha05043.png,228
captcha01435.png,285
captcha04769.png,64
captcha03261.png,270
captcha01416.png,217
captcha03872.png,67
captcha02098.png,222
captcha03854.png,334
captcha05101.png,322
captcha02277.png,135
captcha04946.png,270
captcha04696.png,279
captcha03258.png,313
captcha05290.png,256
captcha05645.png,143
captcha05463.png,350
captcha04927.png,36
captcha05799.png,159
captcha0703.png,213
captcha01273.png,80
captcha04978.png,106
captcha01967.png,97
captcha05143.png,272
captcha03569.png,290
captcha03349.png,194
captcha02736.png,219
captcha03896.png,74
captcha01563.png,94
captcha03329.png,105
captcha01459.png,345
captcha0948.png,22
captcha04367.png,225
captcha02629.png,137
captcha03950.png,151
captcha02320.png,33
captcha03786.png,345
captcha03194.png,352
captcha03260.png,102
captcha04377.png,269
captcha0408.png,196
captcha04854.png,299
captcha03724.png,161
captcha02898.png,306
captcha01404.png,354
captcha03027.png,14
captcha05286.png,295
captcha04687.png,324
captcha04189.png,261
captcha04649.png,135
captcha04650.png,88
captcha03143.png,326
captcha03350.png,175
captcha03535.png,90
captcha02777.png,200
captcha02172.png,349
captcha04188.png,152
captcha04567.png,301
captcha02436.png,337
captcha05556.png,248
captcha01159.png,46
captcha0850.png,302
captcha02305.png,311
captcha04717.png,15
captcha03456.png,177
captcha01942.png,351
captcha05733.png,158
captcha04446.png,16
captcha04504.png,53
captcha02368.png,329
captcha01633.png,38
captcha02893.png,309
captcha05770.png,122
captcha01712.png,146
captcha01254.png,50
captcha01217.png,247
captcha02465.png,149
captcha04920.png,340
captcha03467.png,99
captcha0797.png,153
captcha01424.png,120
captcha01801.png,320
captcha02732.png,149
captcha0879.png,111
captcha02195.png,211
captcha02669.png,169
captcha01191.png,303
captcha04336.png,131
captcha02252.png,101
captcha02715.png,225
captcha01531.png,249
captcha05362.png,339
captcha0826.png,353
captcha02968.png,73
captcha01968.png,67
captcha0395.png,328
captcha02278.png,73
captcha02642.png,92
captcha01517.png,191
captcha01714.png,343
captcha04411.png,7
captcha04194.png,179
captcha05804.png,262
captcha04515.png,216
captcha01076.png,281
captcha03140.png,136
captcha0388.png,248
captcha02807.png,243
captcha02289.png,334
captcha05209.png,292
captcha02475.png,191
captcha01030.png,340
captcha01988.png,26
captcha02317.png,16
captcha02541.png,227
captcha05188.png,206
captcha0761.png,114
captcha04516.png,325
captcha05395.png,358
captcha05100.png,195
captcha02785.png,116
captcha05732.png,324
captcha01287.png,300
captcha02335.png,160
captcha03229.png,278
captcha01422.png,120
captcha04573.png,189
captcha03386.png,230
captcha04486.png,321
captcha05452.png,241
captcha05398.png,288
captcha01069.png,58
captcha01160.png,93
captcha05073.png,29
captcha05145.png,128
captcha03101.png,91
captcha03243.png,211
captcha01270.png,256
captcha0479.png,6
captcha04246.png,204
captcha04230.png,350
captcha02892.png,58
captcha03119.png,88
captcha03506.png,276
captcha03346.png,82
captcha03895.png,124
captcha01535.png,124
captcha03651.png,168
captcha01380.png,230
captcha05473.png,273
captcha02325.png,295
captcha0891.png,106
captcha0508.png,143
captcha0341.png,31
captcha02967.png,315
captcha05568.png,212
captcha02567.png,326
captcha05305.png,131
captcha01035.png,75
captcha03532.png,52
captcha04823.png,221
captcha04716.png,138
captcha03675.png,355
captcha05191.png,227
captcha05330.png,347
captcha0542.png,155
captcha05057.png,155
captcha02873.png,94
captcha0970.png,116
captcha05738.png,331
captcha02321.png,86
captcha04945.png,332
captcha05223.png,317
captcha02717.png,311
captcha03985.png,68
captcha04118.png,169
captcha02950.png,28
captcha05789.png,338
captcha05460.png,130
captcha02062.png,224
captcha01193.png,355
captcha02122.png,88
captcha01658.png,3
captcha04848.png,92
captcha03279.png,256
captcha05752.png,114
captcha02470.png,100
captcha03046.png,230
captcha02804.png,196
captcha03003.png,316
captcha05842.png,236
captcha02155.png,296
captcha05614.png,76
captcha04917.png,60
captcha05866.png,275
captcha05867.png,313
captcha01294.png,196
captcha03052.png,0
captcha0372.png,103
captcha01484.png,188
captcha05417.png,297
captcha03760.png,311
captcha05412.png,47
captcha04321.png,108
captcha02154.png,319
captcha0655.png,121
captcha05467.png,257
captcha03745.png,275
captcha03862.png,79
captcha05785.png,228
captcha02225.png,212
captcha04654.png,322
captcha02681.png,315
captcha04475.png,255
captcha02651.png,299
captcha03869.png,54
captcha03197.png,346
captcha05201.png,136
captcha04778.png,287
captcha01163.png,358
captcha0483.png,73
captcha01566.png,127
captcha01486.png,29
captcha02584.png,33
captcha02231.png,243
captcha03307.png,111
captcha03480.png,321
captcha05089.png,48
captcha04020.png,347
captcha03969.png,103
captcha01808.png,37
captcha01554.png,262
captcha01844.png,81
captcha01183.png,149
captcha0532.png,133
captcha0928.png,94
captcha04756.png,50
captcha04618.png,351
captcha01726.png,234
captcha01221.png,353
captcha02193.png,244
captcha04050.png,224
captcha04192.png,322
captcha04954.png,251
captcha05354.png,9
captcha03078.png,109
captcha05438.png,319
captcha05280.png,36
captcha02448.png,148
captcha05041.png,333
captcha03900.png,213
captcha03242.png,256
captcha0391.png,143
captcha04027.png,154
captcha04154.png,182
captcha03436.png,261
captcha02700.png,353
captcha01299.png,303
captcha04924.png,123
captcha01397.png,306
captcha03634.png,59
captcha05489.png,46
captcha05158.png,341
captcha05036.png,191
captcha01099.png,172
captcha03139.png,62
captcha03655.png,236
captcha02710.png,227
captcha04182.png,262
captcha01165.png,347
captcha04257.png,209
captcha0442.png,172
captcha05104.png,187
captcha0540.png,119
captcha0645.png,184
captcha05793.png,152
captcha02916.png,239
captcha03449.png,61
captcha03022.png,240
captcha02059.png,310
captcha01686.png,195
captcha0654.png,156
captcha04441.png,160
captcha02920.png,320
captcha0996.png,86
captcha01970.png,63
captcha02132.png,102
captcha0796.png,27
captcha02619.png,190
captcha04757.png,189
captcha0407.png,237
captcha04951.png,68
captcha03508.png,3
captcha01465.png,93
captcha01627.png,32
captcha04149.png,44
captcha02482.png,187
captcha0382.png,114
captcha02570.png,357
captcha04935.png,197
captcha04003.png,279
captcha01746.png,231
captcha02392.png,112
captcha01660.png,15
captcha0592.png,331
captcha04952.png,17
captcha01778.png,299
captcha03342.png,177
captcha05608.png,144
captcha0548.png,196
captcha04714.png,220
captcha05066.png,133
captcha01772.png,17
captcha0381.png,220
captcha04832.png,31
captcha04907.png,237
captcha05504.png,35
captcha0356.png,287
captcha03577.png,128
captcha02449.png,316
captcha03324.png,38
captcha04309.png,108
captcha03290.png,67
captcha02012.png,319
captcha03253.png,42
captcha04322.png,282
captcha0935.png,261
captcha02961.png,298
captcha02166.png,145
captcha05269.png,30
captcha01978.png,252
captcha05122.png,78
captcha05434.png,314
captcha04733.png,195
captcha03211.png,221
captcha01980.png,300
captcha04260.png,318
captcha03876.png,316
captcha05670.png,88
captcha02233.png,243
captcha0653.png,1
captcha04228.png,120
captcha02690.png,334
captcha02803.png,300
captcha02808.png,124
captcha05153.png,306
captcha04195.png,90
captcha03595.png,259
captcha02605.png,10
captcha03644.png,51
captcha01262.png,244
captcha05069.png,131
captcha05344.png,295
captcha01932.png,354
captcha02167.png,72
captcha02562.png,242
captcha0361.png,9
captcha05649.png,286
captcha0983.png,37
captcha03309.png,161
captcha03616.png,356
captcha02375.png,311
captcha04314.png,164
captcha02083.png,209
captcha02550.png,324
captcha05776.png,64
captcha03774.png,120
captcha0473.png,52
captcha05590.png,71
captcha04457.png,152
captcha05873.png,249
captcha03172.png,344
captcha04105.png,237
captcha01155.png,196
captcha03824.png,256
captcha0892.png,236
captcha03130.png,158
captcha01032.png,306
captcha01651.png,55
captcha03961.png,219
captcha02173.png,272
captcha05575.png,28
captcha05439.png,30
captcha01820.png,326
captcha04386.png,296
captcha05332.png,254
captcha01594.png,342
captcha04426.png,109
captcha04847.png,177
captcha02945.png,316
captcha01982.png,120
captcha01199.png,350
captcha03575.png,80
captcha04162.png,295
captcha01640.png,279
captcha0637.png,133
captcha0965.png,103
captcha03472.png,274
captcha01681.png,354
captcha03694.png,182
captcha04552.png,304
captcha02275.png,232
captcha01009.png,22
captcha02799.png,132
captcha05623.png,2
captcha02296.png,240
captcha02255.png,34
captcha0971.png,202
captcha04986.png,228
captcha03673.png,130
captcha02975.png,94
captcha01701.png,67
captcha01956.png,186
captcha03528.png,48
captcha04416.png,164
captcha02333.png,141
captcha0628.png,112
captcha01420.png,36
captcha01969.png,270
captcha04368.png,173
captcha01187.png,115
captcha02591.png,169
captcha04095.png,6
captcha02984.png,121
captcha02590.png,288
captcha04894.png,325
captcha01835.png,47
captcha03908.png,5
captcha05495.png,135
captcha01366.png,89
captcha0360.png,303
captcha02469.png,25
captcha05683.png,163
captcha02782.png,10
captcha0739.png,27
captcha03135.png,257
captcha04814.png,88
captcha04930.png,87
captcha05751.png,95
captcha05149.png,312
captcha03363.png,32
captcha02359.png,7
captcha03054.png,203
captcha03578.png,246
captcha04293.png,264
captcha03713.png,183
captcha03129.png,135
captcha01738.png,311
captcha03728.png,160
captcha05042.png,113
captcha05687.png,246
captcha03558.png,213
captcha05585.png,176
captcha0386.png,81
captcha05024.png,123
captcha03076.png,8
captcha04478.png,69
captcha05641.png,102
captcha03707.png,40
captcha01170.png,155
captcha02935.png,193
captcha02497.png,270
captcha05000.png,183
captcha01521.png,80
captcha03929.png,347
captcha03608.png,148
captcha02620.png,73
captcha04134.png,18
captcha04559.png,324
captcha02666.png,307
captcha02340.png,309
captcha02080.png,207
captcha04392.png,285
captcha04528.png,329
captcha02752.png,225
captcha01866.png,87
captcha04499.png,83
captcha01440.png,47
captcha0606.png,357
captcha05702.png,244
captcha02718.png,3
captcha02944.png,308
captcha0323.png,292
captcha05668.png,224
captcha02956.png,351
captcha04698.png,69
captcha01071.png,229
captcha02485.png,106
captcha01239.png,169
captcha05303.png,45
captcha02283.png,123
captcha02148.png,334
captcha01702.png,28
captcha05663.png,154
captcha02162.png,270
captcha02152.png,271
captcha01812.png,316
captcha0502.png,224
captcha05212.png,330
captcha0707.png,151
captcha02741.png,201
captcha04668.png,182
captcha02361.png,107
captcha02037.png,226
captcha05450.png,35
captcha05163.png,45
captcha01621.png,77
captcha04041.png,109
captcha02805.png,192
captcha02548.png,306
captcha04211.png,223
captcha01081.png,259
captcha04532.png,56
captcha04398.png,163
captcha03832.png,239
captcha04145.png,326
captcha02917.png,180
captcha05830.png,262
captcha0656.png,268
captcha03586.png,273
captcha02788.png,204
captcha03015.png,191
captcha02928.png,305
captcha01569.png,243
captcha01385.png,100
captcha0978.png,345
captcha04632.png,294
captcha03086.png,16
captcha01044.png,97
captcha0510.png,15
captcha0938.png,356
captcha01122.png,52
captcha02724.png,250
captcha03063.png,175
captcha02686.png,250
captcha02461.png,157
captcha03789.png,183
captcha03192.png,152
captcha01052.png,274
captcha04225.png,288
captcha0465.png,155
captcha0696.png,183
captcha03256.png,68
captcha03947.png,42
captcha02033.png,82
captcha04676.png,359
captcha02554.png,79
captcha03816.png,104
captcha02851.png,255
captcha02378.png,61
captcha05714.png,207
captcha02664.png,331
captcha05455.png,52
captcha01161.png,140
captcha01354.png,203
captcha04142.png,133
captcha01068.png,327
captcha04102.png,11
captcha02111.png,166
captcha04109.png,72
captcha05800.png,200
captcha01242.png,120
captcha04893.png,202
captcha05674.png,71
captcha01473.png,99
captcha01527.png,91
captcha04725.png,323
captcha01206.png,63
captcha05679.png,190
captcha01010.png,119
captcha01810.png,145
captcha04799.png,266
captcha05087.png,17
captcha02388.png,75
captcha05387.png,356
captcha03573.png,265
captcha0441.png,155
captcha05492.png,8
captcha0555.png,15
captcha03213.png,306
captcha03193.png,67
captcha04479.png,145
captcha03379.png,331
captcha04431.png,228
captcha03701.png,34
captcha03624.png,70
captcha04219.png,130
captcha03868.png,71
captcha01911.png,232
captcha01375.png,5
captcha0489.png,17
captcha03335.png,5
captcha01131.png,345
captcha05552.png,74
captcha05735.png,118
captcha0427.png,147
captcha03217.png,255
captcha01504.png,175
captcha05403.png,236
captcha02261.png,269
captcha05071.png,94
captcha05507.png,321
captcha0475.png,11
captcha05803.png,58
captcha01411.png,200
captcha03601.png,10
captcha02815.png,343
captcha03783.png,322
captcha0665.png,11
captcha01098.png,274
captcha04852.png,303
captcha04663.png,116
captcha02762.png,110
captcha01214.png,99
captcha02665.png,329
captcha05558.png,77
captcha04707.png,161
captcha02200.png,307
captcha0972.png,17
captcha05673.png,225
captcha05020.png,154
captcha01622.png,107
captcha05716.png,350
captcha01038.png,153
captcha04013.png,296
captcha03403.png,192
captcha03057.png,179
captcha01036.png,107
captcha02773.png,288
captcha0583.png,210
captcha04239.png,160
captcha04685.png,111
captcha03524.png,258
captcha02100.png,118
captcha02792.png,227
captcha04774.png,156
captcha03546.png,155
captcha0387.png,178
captcha05034.png,337
captcha04480.png,271
captcha05260.png,286
captcha04317.png,354
captcha02002.png,227
captcha0433.png,227
captcha02434.png,93
captcha03117.png,20
captcha05690.png,151
captcha03040.png,109
captcha03892.png,160
captcha04243.png,254
captcha01210.png,266
captcha05389.png,238
captcha0402.png,231
captcha01528.png,187
captcha01405.png,266
captcha01606.png,54
captcha02854.png,344
captcha01462.png,188
captcha03704.png,272
captcha04275.png,34
captcha03368.png,283
captcha04509.png,277
captcha01524.png,303
captcha04636.png,304
captcha01198.png,295
captcha03228.png,215
captcha05377.png,86
captcha03169.png,157
captcha05029.png,45
captcha03502.png,59
captcha02483.png,11
captcha02135.png,209
captcha0795.png,215
captcha01059.png,344
captcha0572.png,213
captcha02015.png,120
captcha02918.png,154
captcha03549.png,257
captcha05708.png,108
captcha02540.png,324
captcha05562.png,139
captcha05823.png,29
captcha0762.png,276
captcha0916.png,112
captcha01841.png,32
captcha05491.png,227
captcha05589.png,55
captcha03512.png,79
captcha0778.png,106
captcha03294.png,27
captcha03962.png,50
captcha01456.png,7
captcha0353.png,316
captcha01283.png,14
captcha01944.png,44
captcha03310.png,277
captcha05537.png,259
captcha0670.png,342
captcha02113.png,46
captcha02897.png,170
captcha02198.png,249
captcha02244.png,67
captcha03457.png,136
captcha05186.png,336
captcha04708.png,135
captcha03992.png,314
captcha04256.png,5
captcha01870.png,301
captcha03723.png,157
captcha03459.png,213
captcha01070.png,318
captcha05415.png,335
captcha05703.png,301
captcha03280.png,170
captcha02538.png,38
captcha03717.png,327
captcha05553.png,242
captcha01350.png,182
captcha05814.png,155
captcha0765.png,267
captcha0575.png,288
captcha05781.png,224
captcha0828.png,2
captcha03687.png,98
captcha02506.png,337
captcha02728.png,156
captcha04585.png,303
captcha0501.png,287
captcha0586.png,178
captcha03183.png,183
captcha02414.png,11
captcha04849.png,322
captcha0730.png,104
captcha05014.png,17
captcha05162.png,133
captcha05636.png,123
captcha03807.png,64
captcha04307.png,292
captcha01716.png,112
captcha05761.png,191
captcha03907.png,283
captcha04915.png,53
captcha01103.png,199
captcha03023.png,245
captcha03640.png,287
captcha0472.png,64
captcha0974.png,317
captcha05650.png,155
captcha03991.png,64
captcha02946.png,338
captcha01126.png,156
captcha03144.png,266
captcha05027.png,60
captcha01146.png,218
captcha01585.png,216
captcha04078.png,130
captcha02151.png,85
captcha03440.png,258
captcha02045.png,161
captcha05414.png,138
captcha01763.png,65
captcha01934.png,175
captcha0650.png,132
captcha01501.png,158
captcha02051.png,155
captcha02882.png,200
captcha02982.png,325
captcha05762.png,252
captcha05725.png,144
captcha03491.png,116
captcha03605.png,113
captcha01776.png,77
captcha02791.png,198
captcha0661.png,65
captcha02224.png,112
captcha04274.png,86
captcha05783.png,149
captcha04065.png,44
captcha04679.png,167
captcha05760.png,7
captcha01671.png,321
captcha03773.png,147
captcha04429.png,99
captcha05278.png,235
captcha02209.png,46
captcha02528.png,150
captcha04425.png,286
captcha05129.png,154
captcha01061.png,323
captcha02614.png,248
captcha03167.png,49
captcha03328.png,180
captcha05433.png,22
captcha0666.png,187
captcha04964.png,121
captcha04265.png,276
captcha01004.png,81
captcha03065.png,254
captcha03387.png,327
captcha02249.png,127
captcha05671.png,72
captcha03367.png,222
captcha0368.png,97
captcha03208.png,350
captcha04910.png,347
captcha0644.png,105
captcha01448.png,347
captcha05355.png,83
captcha03998.png,150
captcha03967.png,194
captcha05388.png,41
captcha03064.png,238
captcha03002.png,251
captcha01857.png,255
captcha01762.png,134
captcha05565.png,224
captcha02097.png,287
captcha01614.png,31
captcha04087.png,353
captcha02532.png,103
captcha03825.png,232
captcha03468.png,345
captcha01460.png,259
captcha01205.png,237
captcha02077.png,11
captcha01930.png,359
captcha05070.png,111
captcha04201.png,343
captcha02738.png,302
captcha03486.png,80
captcha0518.png,13
captcha01353.png,334
captcha05194.png,325
captcha04262.png,239
captcha03446.png,357
captcha05021.png,26
captcha02058.png,7
captcha02516.png,319
captcha05221.png,220
captcha02127.png,353
captcha02991.png,282
captcha02697.png,333
captcha04669.png,228
captcha05778.png,135
captcha03056.png,86
captcha0430.png,21
captcha02655.png,149
captcha01877.png,358
captcha0398.png,35
captcha05237.png,349
captcha05607.png,266
captcha05347.png,349
captcha04101.png,89
captcha0818.png,296
captcha01322.png,219
captcha02663.png,10
captcha01694.png,91
captcha03706.png,322
captcha04363.png,17
captcha01564.png,238
captcha05739.png,357
captcha02061.png,188
captcha05478.png,78
captcha03153.png,289
captcha03945.png,112
captcha0617.png,306
captcha03662.png,65
captcha0788.png,102
captcha01971.png,333
captcha04520.png,263
captcha03688.png,187
captcha03128.png,60
captcha0732.png,173
captcha01338.png,322
captcha01428.png,214
captcha03972.png,85
captcha05794.png,335
captcha01864.png,216
captcha0694.png,216
captcha02572.png,199
captcha04491.png,222
captcha03778.png,319
captcha0779.png,114
captcha01641.png,82
captcha03889.png,103
captcha02938.png,55
captcha02221.png,308
captcha05046.png,12
captcha04066.png,350
captcha02337.png,174
captcha04625.png,90
captcha04584.png,3
captcha05365.png,245
captcha0327.png,213
captcha02633.png,148
captcha04565.png,314
captcha0657.png,353
captcha04815.png,106
captcha02107.png,47
captcha03227.png,107
captcha03572.png,265
captcha02740.png,306
captcha01077.png,191
captcha04427.png,174
captcha02685.png,74
captcha01874.png,191
captcha02534.png,272
captcha02237.png,122
captcha01741.png,173
captcha02612.png,20
captcha02471.png,3
captcha03316.png,330
captcha02039.png,220
captcha05050.png,121
captcha01797.png,44
captcha02709.png,203
captcha02285.png,266
captcha0824.png,45
captcha01878.png,315
captcha02846.png,114
captcha02969.png,4
captcha02833.png,285
captcha01719.png,350
captcha03240.png,337
captcha0819.png,291
captcha01241.png,332
captcha03523.png,105
captcha02867.png,305
captcha01303.png,318
captcha04988.png,255
captcha0769.png,111
captcha0523.png,105
captcha03584.png,146
captcha03822.png,324
captcha02701.png,269
captcha01186.png,92
captcha01673.png,15
captcha01898.png,196
captcha0463.png,167
captcha02492.png,18
captcha02452.png,298
captcha02751.png,185
captcha02951.png,131
captcha03853.png,206
captcha03977.png,307
captcha01744.png,164
captcha03888.png,272
captcha02798.png,265
captcha03571.png,45
captcha05815.png,219
captcha02604.png,249
captcha02818.png,62
captcha01133.png,319
captcha0939.png,166
captcha02439.png,18
captcha01879.png,155
captcha01654.png,192
captcha0371.png,89
captcha05801.png,264
captcha02723.png,294
captcha02758.png,145
captcha04172.png,284
captcha03836.png,2
captcha0604.png,77
captcha03312.png,342
captcha0547.png,100
captcha03580.png,183
captcha02007.png,348
captcha05855.png,315
captcha02391.png,354
captcha02731.png,287
captcha03870.png,264
captcha02259.png,179
captcha02271.png,33
captcha04630.png,282
captcha05172.png,320
captcha02380.png,85
captcha05047.png,111
captcha01843.png,289
captcha05578.png,253
captcha03708.png,260
captcha01483.png,173
captcha04761.png,56
captcha04582.png,81
captcha02722.png,119
captcha03418.png,62
captcha05139.png,336
captcha02204.png,192
captcha04351.png,155
captcha02068.png,243
captcha0503.png,291
captcha0625.png,237
captcha03109.png,318
captcha0709.png,343
captcha03766.png,21
captcha04075.png,113
captcha05196.png,119
captcha02523.png,151
captcha02042.png,191
captcha04138.png,301
captcha01875.png,356
captcha0735.png,268
captcha01058.png,290
captcha04612.png,324
captcha05203.png,18
captcha01851.png,258
captcha02887.png,31
captcha01983.png,133
captcha02028.png,69
captcha02760.png,158
captcha03628.png,295
captcha04836.png,117
captcha02911.png,103
captcha0541.png,160
captcha01903.png,132
captcha01757.png,80
captcha02264.png,311
captcha05229.png,71
captcha01758.png,339
captcha04107.png,22
captcha03093.png,321
captcha04641.png,262
captcha0771.png,239
captcha03284.png,209
captcha02306.png,298
captcha05051.png,318
captcha03817.png,123
captcha02636.png,328
captcha02553.png,111
captcha0991.png,340
captcha03032.png,336
captcha05475.png,232
captcha03540.png,90
captcha01596.png,310
captcha0536.png,76
captcha02063.png,67
captcha01764.png,97
captcha01893.png,211
captcha02826.png,134
captcha0469.png,295
captcha0924.png,166
captcha03392.png,244
captcha04146.png,131
captcha03821.png,146
captcha03919.png,247
captcha01439.png,351
captcha03402.png,295
captcha04987.png,103
captcha04505.png,15
captcha01056.png,234
captcha05479.png,232
captcha02298.png,109
captcha01672.png,230
captcha05472.png,118
captcha02789.png,77
captcha02044.png,270
captcha04596.png,229
captcha05773.png,130
captcha05448.png,223
captcha03755.png,276
captcha03348.png,293
captcha02801.png,9
captcha03426.png,66
captcha03314.png,188
captcha01826.png,131
captcha03082.png,293
captcha02129.png,135
captcha01425.png,88
captcha01937.png,47
captcha04800.png,178
captcha03637.png,132
captcha02473.png,62
captcha02667.png,280
captcha04204.png,294
captcha05510.png,232
captcha04328.png,223
captcha04280.png,343
captcha01340.png,10
captcha01895.png,92
captcha01749.png,149
captcha04046.png,23
captcha04166.png,281
captcha04140.png,115
captcha03812.png,256
captcha02627.png,204
captcha03550.png,258
captcha04985.png,145
captcha03262.png,78
captcha01754.png,332
captcha03104.png,304
captcha04052.png,73
captcha01279.png,50
captcha03499.png,347
captcha05351.png,212
captcha04272.png,70
captcha03016.png,345
captcha03813.png,134
captcha02639.png,241
captcha0881.png,336
captcha04870.png,168
captcha02661.png,19
captcha05396.png,260
captcha04629.png,136
captcha05580.png,327
captcha04332.png,75
captcha04248.png,184
captcha03709.png,148
captcha05346.png,172
captcha04556.png,280
captcha0902.png,57
captcha04508.png,58
captcha01368.png,186
captcha05442.png,185
captcha01768.png,212
captcha05063.png,272
captcha03604.png,246
captcha01466.png,236
captcha0746.png,293
captcha0507.png,274
captcha01288.png,203
captcha01548.png,294
captcha04196.png,306
captcha01788.png,237
captcha05845.png,151
captcha02441.png,278
captcha02187.png,254
captcha04296.png,295
captcha0490.png,101
captcha01670.png,302
captcha05678.png,91
captcha04187.png,263
captcha05230.png,67
captcha01927.png,301
captcha03737.png,84
captcha05136.png,274
captcha0488.png,69
captcha02087.png,91
captcha01130.png,314
captcha03230.png,32
captcha01579.png,97
captcha02432.png,169
captcha0524.png,30
captcha0404.png,179
captcha01973.png,203
captcha02828.png,64
captcha01224.png,245
captcha04223.png,246
captcha04979.png,342
captcha04413.png,219
captcha0759.png,46
captcha04922.png,358
captcha05456.png,356
captcha01578.png,286
captcha04841.png,92
captcha03315.png,289
captcha01999.png,175
captcha02568.png,212
captcha03581.png,187
captcha05771.png,72
captcha02831.png,1
captcha02291.png,121
captcha01423.png,169
captcha02742.png,140
captcha01406.png,208
captcha03416.png,21
captcha0415.png,150
captcha03191.png,293
captcha03401.png,212
captcha02405.png,273
captcha04581.png,350
captcha0742.png,162
captcha01891.png,347
captcha03720.png,312
captcha03684.png,126
captcha02942.png,227
captcha04424.png,22
captcha02524.png,29
captcha05198.png,104
captcha02466.png,236
captcha03818.png,172
captcha02121.png,129
captcha01677.png,137
captcha05341.png,211
captcha02939.png,168
captcha02537.png,284
captcha03471.png,286
captcha03173.png,150
captcha01154.png,286
captcha01141.png,72
captcha02399.png,162
captcha01610.png,15
captcha02403.png,182
captcha04601.png,248
captcha03353.png,41
captcha03897.png,343
captcha05081.png,349
captcha02313.png,284
captcha01031.png,208
captcha01892.png,35
captcha0862.png,348
captcha02398.png,257
captcha02670.png,287
captcha02078.png,113
captcha04294.png,42
captcha04157.png,313
captcha05340.png,132
captcha0337.png,138
captcha05102.png,299
captcha01581.png,24
captcha0882.png,288
captcha01592.png,243
captcha04519.png,28
captcha04873.png,121
captcha01799.png,181
captcha03544.png,213
captcha01226.png,352
captcha03058.png,31
captcha0449.png,254
captcha0835.png,165
captcha02210.png,84
captcha03880.png,36
captcha05108.png,20
captcha01253.png,105
captcha03134.png,178
captcha04943.png,299
captcha05249.png,147
captcha02455.png,170
captcha01444.png,217
captcha05348.png,218
captcha01468.png,188
captcha03731.png,115
captcha03388.png,75
captcha04324.png,247
captcha0563.png,81
captcha04302.png,313
captcha02547.png,173
captcha03405.png,75
captcha05289.png,27
captcha02014.png,290
captcha04021.png,144
captcha01491.png,80
captcha03797.png,113
captcha03026.png,185
captcha03361.png,93
captcha05788.png,194
captcha0873.png,354
captcha05183.png,27
captcha05257.png,31
captcha03185.png,154
captcha04574.png,28
captcha03734.png,10
captcha01309.png,254
captcha0519.png,350
captcha02384.png,78
captcha01367.png,216
captcha02581.png,270
captcha05709.png,351
captcha01912.png,67
captcha02694.png,238
captcha04193.png,64
captcha05790.png,305
captcha01896.png,10
captcha03108.png,11
captcha04218.png,246
captcha05654.png,56
captcha02518.png,177
captcha01838.png,21
captcha04254.png,40
captcha05128.png,297
captcha02109.png,111
captcha05865.png,77
captcha03976.png,64
captcha0853.png,32
captcha01169.png,210
captcha0554.png,96
captcha02486.png,186
captcha02241.png,201
captcha04659.png,166
captcha03831.png,280
captcha01858.png,329
captcha01498.png,291
captcha04215.png,273
captcha05007.png,254
captcha03848.png,186
captcha05320.png,247
captcha01426.png,335
captcha04331.png,271
captcha04374.png,239
captcha0651.png,266
captcha05672.png,253
captcha03282.png,71
captcha01247.png,182
captcha03746.png,314
captcha03431.png,231
captcha01628.png,89
captcha04777.png,237
captcha01503.png,350
captcha04818.png,196
captcha02268.png,356
captcha02987.png,41
captcha03725.png,64
captcha03412.png,350
captcha0843.png,224
captcha03630.png,351
captcha01993.png,112
captcha0780.png,31
captcha01997.png,29
captcha03902.png,166
captcha04343.png,58
captcha05772.png,189
captcha03529.png,251
captcha0868.png,47
captcha01432.png,345
captcha04575.png,197
captcha0698.png,334
captcha0684.png,11
captcha01760.png,290
captcha01664.png,225
captcha0460.png,139
captcha02464.png,167
captcha04884.png,294
captcha02390.png,313
captcha02569.png,130
captcha04737.png,342
captcha04758.png,85
captcha01995.png,70
captcha03116.png,155
captcha02396.png,355
captcha03302.png,256
captcha02301.png,317
captcha05594.png,261
captcha0467.png,11
captcha03957.png,88
captcha05498.png,346
captcha01721.png,164
captcha05777.png,166
captcha04812.png,11
captcha0434.png,157
captcha02743.png,271
captcha05154.png,90
captcha03958.png,260
captcha04391.png,162
captcha05281.png,237
captcha04348.png,272
captcha05273.png,192
captcha02765.png,136
captcha04766.png,104
captcha04462.png,308
captcha04640.png,127
captcha01117.png,127
captcha01965.png,349
captcha03207.png,142
captcha05638.png,171
captcha05550.png,293
captcha04039.png,356
captcha01816.png,325
captcha04973.png,330
captcha02438.png,252
captcha05231.png,72
captcha04301.png,341
captcha0436.png,85
captcha04481.png,39
captcha05040.png,6
captcha02256.png,169
captcha0945.png,334
captcha01458.png,85
captcha0710.png,305
captcha03861.png,273
captcha03347.png,94
captcha0846.png,252
captcha04549.png,161
captcha0690.png,328
captcha02749.png,344
captcha05168.png,264
captcha0600.png,297
captcha04607.png,84
captcha04026.png,317
captcha01619.png,47
captcha03141.png,13
captcha02902.png,271
captcha02245.png,315
captcha03274.png,110
captcha03726.png,268
captcha01331.png,352
captcha01698.png,25
captcha04072.png,303
captcha01739.png,227
captcha05182.png,189
captcha02653.png,202
captcha04031.png,331
captcha0313.png,58
captcha03038.png,314
captcha0770.png,326
captcha03019.png,16
captcha05653.png,43
captcha05307.png,88
captcha04327.png,175
captcha0539.png,243
captcha01711.png,25
captcha02185.png,135
captcha03345.png,7
captcha02750.png,136
captcha01427.png,158
captcha0390.png,158
captcha02085.png,328
captcha04032.png,19
captcha02816.png,247
captcha0659.png,184
captcha03433.png,71
captcha01479.png,358
captcha05086.png,299
captcha01780.png,135
captcha03932.png,266
captcha05837.png,9
captcha03620.png,223
captcha04133.png,297
captcha03949.png,0
captcha03705.png,136
captcha03809.png,275
captcha04628.png,150
captcha01643.png,200
captcha03568.png,41
captcha02114.png,144
captcha01255.png,270
captcha05539.png,347
captcha02474.png,72
captcha03278.png,192
captcha04106.png,205
captcha0693.png,43
captcha0842.png,156
captcha04255.png,87
captcha04693.png,8
captcha04867.png,295
captcha02330.png,16
captcha05471.png,298
captcha01135.png,78
captcha02822.png,322
captcha01123.png,143
captcha04992.png,233
captcha01049.png,336
captcha03375.png,317
captcha01236.png,108
captcha03469.png,22
captcha02412.png,55
captcha02459.png,28
captcha0546.png,79
captcha05131.png,247
captcha04320.png,133
captcha01106.png,310
captcha03847.png,359
captcha02625.png,223
captcha04784.png,207
captcha03423.png,143
captcha05284.png,0
captcha03070.png,259
captcha03157.png,193
captcha04953.png,323
captcha05572.png,175
captcha04175.png,145
captcha04137.png,265
captcha05060.png,199
captcha03118.png,149
captcha03155.png,165
captcha0517.png,259
captcha01809.png,279
captcha05435.png,169
captcha02137.png,297
captcha03000.png,174
captcha01095.png,258
captcha01090.png,142
captcha0597.png,203
captcha0967.png,230
captcha02480.png,336
captcha03959.png,176
captcha02842.png,344
captcha04465.png,10
captcha05601.png,338
captcha05055.png,173
captcha04085.png,3
captcha01888.png,250
captcha03236.png,141
captcha01954.png,127
captcha04569.png,115
captcha05325.png,112
captcha03788.png,161
captcha03422.png,156
captcha04622.png,119
captcha03531.png,253
captcha04489.png,221
captcha02832.png,351
captcha01244.png,209
captcha01796.png,51
captcha01012.png,143
captcha01451.png,253
captcha05841.png,163
captcha03693.png,180
captcha04564.png,145
captcha02964.png,205
captcha01558.png,349
captcha0347.png,186
captcha03251.png,135
captcha01586.png,336
captcha04690.png,71
captcha03663.png,98
captcha03254.png,61
captcha03378.png,310
captcha0807.png,300
captcha01806.png,119
captcha01577.png,138
captcha04993.png,192
captcha03784.png,17
captcha02840.png,61
captcha0647.png,244
captcha01557.png,100
captcha02146.png,41
captcha0987.png,205
captcha04096.png,150
captcha02874.png,266
captcha04610.png,70
captcha02364.png,110
captcha01039.png,343
captcha04762.png,76
captcha03538.png,352
captcha05210.png,23
captcha01605.png,75
captcha02010.png,5
captcha05048.png,332
captcha02947.png,356
captcha02035.png,89
captcha01000.png,319
captcha0870.png,61
captcha05576.png,326
captcha05427.png,189
captcha01227.png,48
captcha02346.png,330
captcha03238.png,66
captcha0787.png,17
captcha03738.png,114
captcha02668.png,77
captcha02535.png,165
captcha0969.png,324
captcha03645.png,146
captcha04923.png,335
captcha03205.png,139
captcha01412.png,99
captcha03072.png,46
captcha05311.png,184
captcha05684.png,156
captcha03771.png,137
captcha01046.png,192
captcha04786.png,9
captcha04357.png,128
captcha01514.png,184
captcha02671.png,38
captcha01639.png,71
captcha01016.png,172
captcha0867.png,262
captcha04181.png,160
captcha03820.png,286
captcha01442.png,214
captcha02280.png,300
captcha02739.png,295
captcha04401.png,339
captcha01361.png,200
captcha01883.png,301
captcha02484.png,90
captcha01274.png,78
captcha0516.png,347
captcha02215.png,302
captcha03340.png,351
captcha0874.png,199
captcha01986.png,318
captcha04635.png,357
captcha01786.png,162
captcha05809.png,53
captcha01765.png,343
captcha0820.png,166
captcha03891.png,335
captcha03960.png,172
captcha01583.png,242
captcha01028.png,325
captcha05343.png,204
captcha05367.png,232
captcha0506.png,320
captcha0836.png,236
captcha01710.png,4
captcha0350.png,21
captcha03934.png,225
captcha0338.png,140
captcha03993.png,93
captcha04534.png,202
captcha05193.png,81
captcha01293.png,341
captcha04147.png,320
captcha0601.png,34
captcha0612.png,57
captcha05743.png,199
captcha02181.png,99
captcha02521.png,42
captcha05718.png,345
captcha02759.png,226
captcha05487.png,312
captcha02158.png,281
captcha03395.png,85
captcha04025.png,75
captcha02395.png,287
captcha01092.png,265
captcha01005.png,81
captcha01167.png,305
captcha01515.png,51
captcha04054.png,95
captcha05164.png,228
captcha02025.png,202
captcha03084.png,187
captcha03781.png,154
captcha02131.png,121
captcha03775.png,338
captcha05156.png,67
captcha05407.png,351
captcha03594.png,316
captcha0464.png,69
captcha01240.png,96
captcha0527.png,12
captcha05705.png,81
captcha05609.png,355
captcha0681.png,57
captcha04313.png,48
captcha05033.png,348
captcha04995.png,92
captcha05726.png,180
captcha01979.png,132
captcha04419.png,36
captcha04362.png,42
captcha03014.png,211
captcha05486.png,42
captcha01265.png,209
captcha05724.png,44
captcha04310.png,142
captcha01438.png,302
captcha03267.png,318
captcha02865.png,147
captcha04543.png,290
captcha02571.png,224
captcha03028.png,78
captcha02199.png,354
captcha04759.png,307
captcha0435.png,185
captcha03210.png,147
captcha02704.png,308
captcha04980.png,78
captcha01222.png,145
captcha02900.png,37
captcha05707.png,285
captcha03530.png,256
captcha01590.png,0
captcha04691.png,167
captcha04216.png,243
captcha05485.png,252
captcha0753.png,315
captcha03110.png,27
captcha02566.png,172
captcha03107.png,58
captcha05275.png,53
captcha02168.png,267
captcha05096.png,199
captcha03481.png,330
captcha05853.png,132
captcha01836.png,116
captcha05095.png,256
captcha02793.png,118
captcha03918.png,164
captcha01308.png,8
captcha01587.png,341
captcha05858.png,317
captcha02839.png,257
captcha01849.png,25
captcha0485.png,299
captcha03764.png,173
captcha04514.png,203
captcha05296.png,64
captcha04045.png,249
captcha03321.png,195
captcha01936.png,234
captcha05769.png,107
captcha04984.png,247
captcha0660.png,11
captcha02319.png,11
captcha01511.png,317
captcha04742.png,39
captcha04370.png,61
captcha05217.png,208
captcha03692.png,83
captcha05756.png,338
captcha01019.png,15
captcha04186.png,108
captcha04845.png,82
captcha02254.png,246
captcha03931.png,231
captcha03835.png,53
captcha02171.png,190
captcha03399.png,72
captcha02654.png,36
captcha0737.png,135
captcha0920.png,179
captcha05242.png,312
captcha03123.png,221
captcha0700.png,263
captcha01865.png,272
captcha01815.png,92
captcha02069.png,53
captcha03970.png,63
captcha05103.png,86
captcha04631.png,286
captcha0888.png,8
captcha01311.png,287
captcha04346.png,345
captcha03808.png,230
captcha03147.png,187
captcha01555.png,53
captcha02901.png,121
captcha01540.png,317
captcha03554.png,138
captcha02177.png,258
captcha02960.png,87
captcha02533.png,20
captcha02637.png,75
captcha03427.png,144
captcha04156.png,271
captcha02128.png,144
captcha03752.png,290
captcha04236.png,179
captcha03846.png,235
captcha0520.png,102
captcha01086.png,11
captcha04689.png,219
captcha04760.png,298
captcha0896.png,293
captcha03391.png,119
captcha01792.png,345
captcha05765.png,247
captcha01180.png,317
captcha0410.png,251
captcha04497.png,298
captcha01805.png,277
captcha01972.png,218
captcha04967.png,178
captcha0595.png,251
captcha02588.png,222
captcha01869.png,24
captcha02323.png,113
captcha0930.png,266
captcha0688.png,212
captcha0326.png,30
captcha05376.png,237
captcha05852.png,238
captcha02573.png,114
captcha0588.png,30
captcha02775.png,219
captcha02076.png,332
captcha02269.png,197
captcha05836.png,178
captcha05270.png,199
captcha01002.png,76
captcha05677.png,192
captcha02706.png,346
captcha05175.png,111
captcha01021.png,323
captcha0754.png,72
captcha05327.png,217
captcha05276.png,358
captcha01102.png,27
captcha02387.png,28
captcha0749.png,285
captcha01846.png,296
captcha04214.png,175
captcha03503.png,24
captcha03912.png,312
captcha05615.png,73
captcha01388.png,313
captcha05798.png,342
captcha03215.png,127
captcha01984.png,258
captcha05297.png,78
captcha01181.png,59
captcha04537.png,278
captcha03657.png,250
captcha02589.png,1
captcha05523.png,60
captcha05363.png,296
captcha05701.png,288
captcha04311.png,306
captcha01938.png,313
captcha01541.png,17
captcha02864.png,83
captcha03973.png,28
captcha04339.png,244
captcha05691.png,330
captcha01840.png,115
captcha05447.png,6
captcha0453.png,167
captcha0403.png,258
captcha03984.png,102
captcha04143.png,122
captcha04342.png,307
captcha05851.png,97
captcha0676.png,230
captcha04212.png,16
captcha04415.png,195
captcha04974.png,2
captcha0562.png,283
captcha01153.png,351
captcha01248.png,121
captcha01084.png,284
captcha02819.png,314
captcha0365.png,172
captcha02786.png,190
captcha04524.png,29
captcha01964.png,98
captcha03834.png,28
captcha04740.png,340
captcha03020.png,207
captcha05829.png,141
captcha03035.png,274
captcha04829.png,309
captcha01218.png,6
captcha02580.png,216
captcha03875.png,203
captcha03936.png,261
captcha0747.png,28
captcha04448.png,316
captcha05729.png,309
captcha03964.png,96
captcha04396.png,281
captcha04633.png,241
captcha05846.png,135
captcha0792.png,233
captcha04856.png,211
captcha05247.png,332
captcha05120.png,68
captcha03244.png,285
captcha0471.png,126
captcha01819.png,112
captcha04150.png,57
captcha03180.png,310
captcha04417.png,173
captcha03461.png,270
captcha0484.png,56
captcha02040.png,292
captcha02402.png,106
captcha0400.png,260
captcha05696.png,102
captcha05288.png,16
captcha04748.png,64
captcha03291.png,78
captcha02046.png,187
captcha03371.png,333
captcha05426.png,166
captcha04456.png,112
captcha04890.png,38
captcha02937.png,122
captcha04518.png,232
captcha0556.png,185
captcha04767.png,295
captcha05644.png,279
captcha04736.png,197
captcha05022.png,299
captcha02858.png,23
captcha03787.png,5
captcha01668.png,275
captcha05295.png,34
captcha05052.png,79
captcha05832.png,226
captcha04083.png,295
captcha0623.png,250
captcha02005.png,123
captcha03495.png,336
captcha03421.png,116
captcha04963.png,170
captcha04373.png,106
captcha02192.png,43
captcha02734.png,240
captcha05356.png,162
captcha01775.png,64
captcha02499.png,84
captcha04817.png,167
captcha03223.png,3
captcha03464.png,203
captcha01306.png,185
captcha02208.png,310
captcha0354.png,156
captcha03380.png,308
captcha0370.png,125
captcha05779.png,156
captcha01928.png,24
captcha03514.png,145
captcha05425.png,58
captcha04435.png,158
captcha0894.png,213
captcha01960.png,347
captcha05569.png,257
captcha01280.png,129
captcha02189.png,90
captcha01495.png,215
captcha02144.png,68
captcha01316.png,209
captcha03625.png,117
captcha02397.png,236
captcha0964.png,203
captcha04074.png,241
captcha01751.png,169
captcha02647.png,120
captcha0815.png,252
captcha01951.png,270
captcha01277.png,148
captcha04352.png,90
captcha02910.png,170
captcha01330.png,265
captcha04513.png,65
captcha04701.png,41
captcha01508.png,247
captcha01909.png,337
captcha03218.png,56
captcha0611.png,93
captcha05184.png,260
captcha01001.png,2
captcha01096.png,131
captcha0419.png,235
captcha03501.png,241
captcha0908.png,210
captcha01948.png,60
captcha01041.png,79
captcha0446.png,11
captcha03753.png,70
captcha03250.png,357
captcha0414.png,119
captcha01266.png,13
captcha02766.png,233
captcha03840.png,284
captcha01020.png,128
captcha05227.png,16
captcha01837.png,49
captcha04956.png,333
captcha01463.png,320
captcha05279.png,254
captcha02602.png,80
captcha0545.png,47
captcha05117.png,187
captcha0838.png,304
captcha03105.png,58
captcha02931.png,17
captcha02821.png,39
captcha05528.png,181
captcha0812.png,211
captcha05747.png,119
captcha04871.png,187
captcha03463.png,128
captcha01025.png,79
captcha04029.png,253
captcha04715.png,65
captcha05503.png,214
captcha0884.png,136
captcha04566.png,303
captcha04353.png,69
captcha02218.png,80
captcha05493.png,168
captcha03873.png,130
captcha04776.png,237
captcha02827.png,266
captcha04018.png,312
captcha05345.png,298
captcha05394.png,129
captcha01433.png,13
captcha02070.png,259
captcha04807.png,38
captcha01790.png,106
captcha03865.png,270
captcha01109.png,54
captcha04511.png,74
captcha0909.png,150
captcha03670.png,160
captcha04661.png,99
captcha03073.png,168
captcha0513.png,336
captcha05530.png,177
captcha03653.png,128
captcha03563.png,202
captcha02519.png,331
captcha02108.png,221
captcha04898.png,190
captcha0450.png,126
captcha04062.png,333
captcha02413.png,180
captcha05267.png,279
captcha02423.png,16
captcha02217.png,342
captcha0535.png,6
captcha02714.png,165
captcha01298.png,214
captcha04999.png,173
captcha04376.png,124
captcha01011.png,45
captcha03137.png,180
captcha01345.png,3
captcha05583.png,65
captcha01743.png,205
captcha04542.png,277
captcha05429.png,76
captcha0397.png,32
captcha05574.png,52
captcha05534.png,104
captcha05138.png,281
captcha03646.png,272
captcha04482.png,163
captcha01211.png,82
captcha02194.png,94
captcha05132.png,94
captcha01807.png,179
captcha01080.png,142
captcha02065.png,47
captcha05862.png,84
captcha05404.png,62
captcha02156.png,288
captcha05616.png,38
captcha0823.png,262
captcha05213.png,88
captcha04950.png,313
captcha04158.png,303
captcha01172.png,5
captcha04597.png,347
captcha01914.png,27
captcha01111.png,193
captcha04936.png,179
captcha01679.png,52
captcha05379.png,114
captcha04234.png,185
captcha0859.png,86
captcha05688.png,69
captcha03409.png,94
captcha0785.png,125
captcha0708.png,181
captcha01469.png,322
captcha0744.png,53
captcha02386.png,42
captcha05255.png,52
captcha02049.png,303
captcha05342.png,50
captcha02652.png,53
captcha04288.png,217
captcha03365.png,181
captcha04051.png,258
captcha03588.png,74
captcha05869.png,94
captcha05173.png,261
captcha05774.png,327
captcha01691.png,3
captcha02703.png,358
captcha01593.png,183
captcha01189.png,113
captcha03956.png,164
captcha02103.png,13
captcha04430.png,1
captcha04240.png,338
captcha03689.png,17
captcha0393.png,321
captcha0667.png,15
captcha02551.png,92
captcha02149.png,98
captcha01310.png,89
captcha03496.png,31
captcha05586.png,18
captcha01179.png,180
captcha05282.png,250
captcha01848.png,52
captcha03852.png,185
captcha05622.png,322
captcha01139.png,148
captcha01601.png,288
captcha02879.png,82
captcha04545.png,285
captcha02907.png,176
captcha05030.png,335
captcha01897.png,325
captcha01602.png,164
captcha04399.png,38
captcha04428.png,288
captcha01519.png,183
captcha03047.png,38
captcha03951.png,262
captcha0711.png,244
captcha03025.png,99
captcha03996.png,353
captcha01974.png,307
captcha05298.png,200
captcha02810.png,167
captcha04958.png,10
captcha01570.png,261
captcha03098.png,350
captcha03136.png,315
captcha03946.png,64
captcha01642.png,186
captcha03289.png,210
captcha02136.png,230
captcha03521.png,64
captcha04092.png,173
captcha05147.png,65
captcha0985.png,27
captcha04007.png,313
captcha05378.png,247
captcha02753.png,35
captcha01290.png,117
captcha04380.png,108
captcha04038.png,104
captcha04991.png,338
captcha02157.png,28
captcha02546.png,213
captcha05817.png,258
captcha0373.png,25
captcha05271.png,298
captcha0871.png,308
captcha01364.png,71
captcha01645.png,301
captcha01207.png,80
captcha02575.png,322
captcha01813.png,39
captcha04773.png,29
captcha01233.png,241
captcha0685.png,203
captcha04600.png,4
captcha02817.png,288
captcha03682.png,235
captcha03354.png,178
captcha05232.png,141
captcha02022.png,351
captcha02307.png,68
captcha01935.png,106
captcha05178.png,97
captcha04454.png,253
captcha0973.png,148
captcha0994.png,339
captcha04464.png,212
captcha03966.png,210
captcha0608.png,217
captcha0329.png,218
captcha01500.png,141
captcha02972.png,302
captcha03733.png,30
captcha04789.png,197
captcha05736.png,233
captcha01374.png,27
captcha02529.png,313
captcha01774.png,141
captcha05410.png,68
captcha04928.png,214
captcha02401.png,244
captcha0833.png,357
captcha02501.png,134
captcha01403.png,97
captcha04208.png,106
captcha0529.png,276
captcha01523.png,258
captcha02513.png,181
captcha05292.png,242
captcha04889.png,322
captcha04611.png,311
captcha02582.png,190
captcha02477.png,282
captcha05111.png,144
captcha03527.png,307
captcha01882.png,115
captcha04765.png,18
captcha05676.png,43
captcha02234.png,58
captcha0405.png,46
captcha01461.png,143
captcha01097.png,78
captcha0847.png,233
captcha01105.png,51
captcha01396.png,201
captcha02021.png,230
captcha05072.png,355
captcha03202.png,162
captcha02522.png,221
captcha02297.png,348
captcha01707.png,278
captcha04932.png,190
captcha04001.png,187
captcha02411.png,12
captcha01611.png,338
captcha03757.png,334
captcha03156.png,75
captcha02251.png,3
captcha03561.png,349
captcha04414.png,105
captcha01173.png,5
captcha01715.png,112
captcha04418.png,187
captcha02216.png,89
captcha01863.png,277
captcha03212.png,251
captcha04473.png,272
captcha01703.png,18
captcha05665.png,191
captcha01665.png,179
captcha01736.png,143
captcha03884.png,182
captcha0412.png,149
captcha03874.png,306
captcha05758.png,84
captcha01534.png,237
captcha04802.png,27
captcha05524.png,288
captcha01171.png,304
captcha05511.png,310
captcha02445.png,60
captcha02527.png,8
captcha0766.png,340
captcha0718.png,282
captcha04897.png,153
captcha01784.png,127
captcha02688.png,228
captcha02802.png,150
captcha03513.png,83
captcha04040.png,28
captcha04002.png,273
captcha03407.png,38
captcha05374.png,27
captcha04438.png,168
captcha01522.png,311
captcha01234.png,36
captcha05648.png,286
captcha02689.png,187
captcha05740.png,27
captcha01137.png,23
captcha04664.png,280
captcha0814.png,42
captcha01301.png,54
captcha05647.png,325
captcha02467.png,311
captcha0355.png,315
captcha05639.png,161
captcha04634.png,82
captcha03429.png,62
captcha03478.png,319
captcha05423.png,178
captcha05206.png,218
captcha0981.png,133
captcha01329.png,160
captcha0561.png,156
captcha01464.png,293
captcha04483.png,291
captcha01243.png,185
captcha01482.png,343
captcha02429.png,310
captcha02763.png,82
captcha04086.png,210
captcha0476.png,283
captcha05816.png,190
captcha02696.png,88
captcha0689.png,304
captcha0886.png,346
captcha04235.png,240
captcha01745.png,40
captcha02795.png,147
captcha03802.png,320
captcha03400.png,287
captcha01228.png,44
captcha03903.png,327
captcha03297.png,338
captcha04526.png,5
captcha05445.png,63
captcha0352.png,315
captcha04209.png,1
captcha01852.png,54
captcha03830.png,312
captcha0451.png,354
captcha02903.png,16
captcha04965.png,306
captcha04624.png,275
captcha04263.png,167
captcha04319.png,280
captcha02790.png,258
captcha01348.png,193
captcha05750.png,294
captcha03877.png,174
captcha05413.png,216
captcha05386.png,104
captcha02735.png,285
captcha04944.png,257
captcha04861.png,202
captcha01415.png,33
captcha0357.png,305
captcha02881.png,33
captcha02105.png,28
captcha01383.png,55
captcha04557.png,154
captcha03255.png,318
captcha03526.png,92
captcha03177.png,254
captcha05737.png,74
captcha04878.png,228
captcha04527.png,80
captcha0857.png,244
captcha04899.png,299
captcha01931.png,229
captcha01119.png,318
captcha05399.png,276
captcha03428.png,269
captcha01453.png,346
captcha02958.png,10
captcha04016.png,136
captcha02847.png,58
captcha05854.png,65
captcha02116.png,9
captcha03485.png,96
captcha01013.png,151
captcha0674.png,26
captcha04816.png,306
captcha0454.png,145
captcha04568.png,135
captcha04198.png,60
captcha04059.png,23
captcha03981.png,232
captcha03396.png,275
captcha05482.png,216
captcha04477.png,136
captcha01537.png,250
captcha05370.png,142
captcha04114.png,328
captcha02716.png,6
captcha0733.png,307
captcha04445.png,156
captcha05548.png,68
captcha02336.png,15
captcha02106.png,204
captcha05023.png,184
captcha05115.png,324
captcha02927.png,153
captcha0723.png,17
captcha0602.png,359
captcha05481.png,291
captcha04666.png,80
captcha03115.png,264
captcha03181.png,267
captcha02976.png,23
captcha04905.png,305
captcha05254.png,138
captcha0734.png,319
captcha03198.png,123
captcha03777.png,133
captcha02617.png,293
captcha04682.png,184
captcha02980.png,209
captcha01246.png,288
captcha0486.png,284
captcha03885.png,147
captcha02683.png,87
captcha01648.png,217
captcha02227.png,342
captcha03462.png,53
captcha04359.png,0
captcha04071.png,337
captcha04064.png,243
captcha04131.png,343
captcha0624.png,179
captcha01635.png,65
captcha05490.png,37
captcha01520.png,317
captcha04258.png,278
captcha02311.png,305
captcha02746.png,317
captcha03750.png,126
captcha04726.png,194
captcha03053.png,280
captcha03326.png,212
captcha04976.png,311
captcha03648.png,229
captcha01347.png,349
captcha02017.png,265
captcha02504.png,26
captcha0318.png,319
captcha05067.png,29
captcha05533.png,132
captcha04886.png,302
captcha01398.png,10
captcha04770.png,23
captcha02290.png,280
captcha03159.png,172
captcha04882.png,29
captcha02544.png,253
captcha02197.png,333
captcha01761.png,45
captcha01653.png,278
captcha03200.png,354
captcha02613.png,139
captcha0898.png,12
captcha04361.png,261
captcha04906.png,70
captcha0672.png,283
captcha01900.png,133
captcha03355.png,138
captcha05666.png,250
captcha03454.png,212
captcha01881.png,245
captcha04795.png,186
captcha02844.png,112
captcha05620.png,192
captcha01546.png,310
captcha01644.png,197
captcha04536.png,13
captcha02592.png,125
captcha05169.png,99
captcha02050.png,115
captcha0552.png,0
captcha0880.png,242
captcha04121.png,103
captcha02579.png,240
captcha0573.png,21
captcha05446.png,121
captcha01192.png,108
captcha02091.png,239
captcha0889.png,135
captcha03083.png,149
captcha04434.png,214
captcha01190.png,329
captcha05384.png,296
captcha05248.png,176
captcha02677.png,154
captcha0832.png,185
captcha05748.png,179
captcha05543.png,165
captcha0720.png,188
captcha05661.png,160
captcha02754.png,117
captcha01512.png,105
captcha03678.png,175
captcha02834.png,137
captcha05686.png,287
captcha04617.png,317
captcha0804.png,244
captcha02983.png,24
captcha04735.png,174
captcha01378.png,63
captcha0860.png,353
captcha0448.png,232
captcha02327.png,162
captcha05662.png,322
captcha02509.png,263
captcha04070.png,358
captcha04697.png,95
captcha03039.png,230
captcha02385.png,233
captcha01372.png,199
captcha01085.png,95
captcha03793.png,155
captcha01637.png,347
captcha03366.png,259
captcha0673.png,173
captcha03539.png,144
captcha0496.png,217
captcha04555.png,237
captcha01740.png,251
captcha01136.png,213
captcha05088.png,294
captcha02437.png,119
captcha02095.png,239
captcha03332.png,242
captcha0330.png,190
captcha02032.png,269
captcha0621.png,175
captcha01022.png,69
captcha03519.png,150
captcha05838.png,195
captcha02744.png,271
captcha04213.png,187
captcha01613.png,51
captcha01683.png,347
captcha01952.png,333
captcha04024.png,307
captcha0411.png,256
captcha05251.png,62
captcha02733.png,276
captcha02511.png,59
captcha02849.png,174
captcha04364.png,77
captcha01083.png,145
captcha03703.png,304
captcha04530.png,25
captcha02640.png,10
captcha05780.png,330
captcha0876.png,209
captcha02966.png,211
captcha04178.png,84
captcha01033.png,232
captcha01550.png,121
captcha04249.png,67
captcha05205.png,198
captcha02949.png,306
captcha0921.png,276
captcha04810.png,257
captcha05432.png,331
captcha05199.png,70
captcha04171.png,80
captcha04588.png,264
captcha04180.png,62
captcha01655.png,89
captcha03952.png,97
captcha02512.png,241
captcha0537.png,310
captcha05745.png,128
captcha04393.png,144
captcha0598.png,297
captcha02936.png,214
captcha03069.png,207
captcha0560.png,149
captcha04043.png,31
captcha03333.png,234
captcha03674.png,137
captcha02648.png,207
captcha01062.png,101
captcha01318.png,203
captcha02262.png,234
captcha04998.png,335
captcha04989.png,83
captcha02611.png,72
captcha0668.png,339
captcha02420.png,230
captcha0478.png,292
captcha0992.png,146
captcha05571.png,218
captcha0809.png,263
captcha02884.png,267
captcha03574.png,255
captcha01553.png,81
captcha05105.png,163
captcha03915.png,351
captcha0425.png,266
captcha05010.png,162
captcha02024.png,296
captcha03641.png,354
captcha03887.png,183
captcha05602.png,50
captcha01950.png,302
captcha04902.png,120
captcha0663.png,110
captcha0679.png,302
captcha02852.png,357
captcha04521.png,48
captcha02064.png,23
captcha03074.png,334
captcha05300.png,52
captcha05310.png,154
captcha05405.png,236
captcha04782.png,335
captcha0339.png,229
captcha04672.png,333
captcha04325.png,102
captcha04197.png,296
captcha01203.png,26
captcha05068.png,333
captcha0369.png,162
captcha02876.png,61
captcha05786.png,54
captcha03415.png,216
captcha05294.png,18
captcha02112.png,319
captcha0443.png,77
captcha04264.png,55
captcha02074.png,116
captcha02868.png,327
captcha01334.png,138
captcha05160.png,236
captcha05075.png,234
captcha0768.png,4
captcha0726.png,163
captcha02888.png,117
captcha02871.png,337
captcha05591.png,228
captcha05611.png,217
captcha04529.png,289
captcha01539.png,27
captcha02191.png,25
captcha03149.png,214
captcha03466.png,343
captcha0336.png,356
captcha02594.png,180
captcha0423.png,95
captcha02373.png,313
captcha03146.png,19
captcha03944.png,148
captcha02205.png,170
captcha0641.png,109
captcha04803.png,31
captcha01556.png,284
captcha02857.png,109
captcha04877.png,219
captcha04442.png,350
captcha05635.png,342
captcha01941.png,193
captcha0374.png,184
captcha03009.png,207
captcha04594.png,29
captcha03494.png,156
captcha05400.png,24
captcha05134.png,224
captcha04502.png,269
captcha04349.png,61
captcha0949.png,354
captcha02695.png,132
captcha01257.png,79
captcha04888.png,281
captcha04433.png,262
captcha05811.png,162
captcha04712.png,203
captcha03264.png,168
captcha05411.png,71
captcha0954.png,189
captcha02508.png,74
captcha02823.png,44
captcha03520.png,350
captcha03126.png,181
captcha02443.png,28
captcha01107.png,215
captcha0444.png,73
captcha03300.png,318
captcha05385.png,213
captcha0813.png,11
captcha04644.png,66
captcha05754.png,119
captcha03510.png,111
captcha02229.png,118
captcha04094.png,197
captcha02745.png,298
captcha01830.png,2
captcha03810.png,220
captcha05549.png,247
captcha05664.png,1
captcha0533.png,58
captcha05560.png,253
captcha05685.png,196
captcha0340.png,181
captcha02133.png,330
captcha03018.png,134
captcha01847.png,166
captcha03071.png,125
captcha03762.png,196
captcha02304.png,299
captcha03547.png,27
captcha04379.png,260
captcha04768.png,257
captcha03231.png,272
captcha05127.png,270
captcha02973.png,169
captcha01449.png,275
captcha03414.png,76
captcha0727.png,308
captcha04439.png,114
captcha01419.png,161
captcha03590.png,103
captcha04044.png,98
captcha03372.png,236
captcha0904.png,87
captcha0466.png,203
captcha01612.png,144
captcha01505.png,183
captcha05605.png,191
captcha01477.png,202
captcha04099.png,62
captcha02494.png,323
captcha0719.png,306
captcha02997.png,56
captcha04997.png,292
captcha04506.png,167
captcha04900.png,283
captcha02530.png,314
captcha01919.png,85
captcha04252.png,255
captcha0899.png,148
captcha0937.png,130
captcha05791.png,123
captcha0431.png,131
captcha05360.png,23
captcha03555.png,37
captcha05328.png,141
captcha04227.png,55
captcha03740.png,339
captcha0396.png,275
captcha02978.png,349
captcha02440.png,194
captcha05056.png,174
captcha03715.png,67
captcha05003.png,173
captcha01445.png,316
captcha03090.png,274
captcha03933.png,340
captcha05505.png,282
captcha04703.png,177
captcha03691.png,273
captcha01017.png,28
captcha01014.png,74
captcha0609.png,113
captcha05567.png,235
captcha0831.png,176
captcha05418.png,222
captcha03922.png,12
captcha05579.png,275
captcha04381.png,59
captcha03483.png,298
captcha05146.png,59
captcha01434.png,246
captcha02232.png,175
captcha01957.png,143
captcha0334.png,340
captcha05477.png,298
captcha05512.png,7
captcha02877.png,289
captcha04338.png,88
captcha0426.png,240
captcha01313.png,47
captcha01140.png,164
captcha0543.png,42
captcha0923.png,341
captcha01728.png,252
captcha03879.png,113
captcha02316.png,195
captcha01629.png,50
captcha04292.png,112
captcha03257.png,76
captcha04790.png,187
captcha01992.png,157
captcha01356.png,131
captcha03721.png,91
captcha03914.png,42
captcha04436.png,78
captcha02222.png,335
captcha04637.png,8
captcha02020.png,46
captcha01551.png,189
captcha01213.png,267
captcha02608.png,354
captcha02657.png,266
captcha05742.png,244
captcha04753.png,182
captcha01289.png,159
captcha01223.png,254
captcha03068.png,157
captcha02060.png,209
captcha04809.png,258
captcha03551.png,64
captcha01609.png,115
captcha04000.png,156
captcha03906.png,323
captcha02621.png,50
captcha04827.png,158
captcha03075.png,285
captcha01759.png,337
captcha05058.png,16
captcha03661.png,165
captcha01755.png,259
captcha0567.png,24
captcha01894.png,59
captcha04334.png,99
captcha02174.png,105
captcha01552.png,162
captcha04583.png,189
captcha01565.png,10
captcha02266.png,63
captcha02774.png,60
captcha01418.png,228
captcha02845.png,62
captcha04474.png,320
captcha04695.png,343
captcha02117.png,113
captcha05646.png,113
captcha03030.png,135
captcha02093.png,196
captcha04775.png,307
captcha05015.png,124
captcha0522.png,65
captcha0613.png,295
captcha0717.png,19
captcha02407.png,324
captcha03276.png,56
captcha02531.png,310
captcha01114.png,158
captcha05225.png,17
captcha01700.png,169
captcha02558.png,211
captcha01079.png,110
captcha04639.png,100
captcha04783.png,129
captcha04616.png,191
captcha01598.png,289
captcha01975.png,107
captcha05322.png,266
captcha05722.png,200
captcha01208.png,267
captcha01859.png,210
captcha01446.png,260
captcha01121.png,34
captcha03671.png,145
captcha04266.png,104
captcha03548.png,100
captcha02597.png,111
captcha03871.png,276
captcha05074.png,94
captcha0505.png,150
captcha01296.png,336
captcha03505.png,270
captcha0927.png,156
captcha05112.png,73
captcha0615.png,36
captcha0367.png,266
captcha04627.png,85
captcha01231.png,271
captcha05150.png,186
captcha04853.png,83
captcha04210.png,241
captcha05091.png,228
captcha0494.png,207
captcha01339.png,13
captcha0957.png,157
captcha04409.png,99
captcha04647.png,149
captcha02981.png,63
captcha03356.png,18
captcha01047.png,33
captcha01981.png,132
captcha01920.png,72
captcha03455.png,44
captcha04069.png,299
captcha02383.png,158
captcha02691.png,10
captcha05302.png,354
captcha04681.png,102
captcha04289.png,200
captcha0736.png,115
captcha04076.png,65
captcha04110.png,63
captcha0401.png,71
captcha01853.png,232
captcha04341.png,139
captcha03965.png,192
captcha03893.png,154
captcha01576.png,144
captcha01876.png,166
captcha04067.png,299
captcha04088.png,312
captcha03441.png,279
captcha04732.png,288
captcha04123.png,229
captcha03618.png,331
captcha04820.png,231
captcha04463.png,82
captcha03927.png,71
captcha0351.png,272
captcha03751.png,318
captcha01803.png,188
captcha03990.png,84
captcha0477.png,8
captcha01216.png,90
captcha0462.png,240
captcha04047.png,161
captcha03635.png,241
captcha02757.png,120
captcha01699.png,176
captcha04503.png,142
captcha03476.png,120
captcha02684.png,135
captcha02016.png,280
captcha04914.png,26
captcha02787.png,64
captcha03313.png,41
captcha02811.png,183
captcha0953.png,169
captcha03811.png,114
captcha0701.png,205
captcha03780.png,179
captcha04587.png,352
captcha05241.png,88
captcha03926.png,249
captcha02720.png,40
captcha04012.png,236
captcha04857.png,322
captcha0758.png,263
captcha05606.png,74
captcha05728.png,345
captcha04148.png,342
captcha05871.png,121
captcha0793.png,286
captcha01043.png,284
captcha03948.png,271
captcha04921.png,304
captcha0811.png,293
captcha04164.png,215
captcha02343.png,19
captcha04724.png,167
captcha0493.png,34
captcha01547.png,72
captcha01497.png,341
captcha03171.png,287
captcha0946.png,176
captcha02926.png,226
captcha02556.png,357
captcha05453.png,283
captcha02912.png,159
captcha02676.png,60
captcha02649.png,249
captcha0942.png,287
captcha0618.png,162
captcha05366.png,102
captcha04901.png,240
captcha01209.png,84
captcha05428.png,289
captcha01705.png,180
captcha01447.png,30
captcha04648.png,224
captcha04833.png,316
captcha05114.png,307
captcha01680.png,149
captcha05681.png,0
captcha02495.png,11
captcha03061.png,32
captcha01471.png,183
captcha0699.png,74
captcha05566.png,165
captcha01885.png,112
captcha01766.png,64
captcha03398.png,125
captcha01060.png,335
captcha04541.png,166
captcha01798.png,68
captcha03727.png,244
captcha03377.png,185
captcha05525.png,7
captcha02431.png,292
captcha02586.png,88
captcha02673.png,127
captcha02478.png,297
captcha05522.png,248
captcha04909.png,59
captcha03089.png,288
captcha04015.png,83
captcha02258.png,120
captcha03049.png,15
captcha03190.png,297
captcha04517.png,305
captcha01336.png,17
captcha03626.png,52
captcha04006.png,93
captcha0515.png,175
captcha01325.png,294
captcha02601.png,242
captcha04333.png,228
captcha0890.png,275
captcha0364.png,331
captcha02489.png,81
captcha02253.png,56
captcha02260.png,58
captcha0863.png,48
captcha05336.png,195
captcha01902.png,236
captcha05437.png,27
captcha0633.png,190
captcha04458.png,344
captcha04461.png,224
captcha04030.png,233
captcha04779.png,143
captcha03585.png,74
captcha05211.png,240
captcha03048.png,307
captcha02905.png,211
captcha0526.png,273
captcha05624.png,231
captcha01496.png,309
captcha0677.png,45
captcha01502.png,37
captcha02163.png,265
captcha01713.png,348
captcha04136.png,255
captcha0777.png,235
captcha01624.png,167
captcha03796.png,219
captcha04340.png,278
captcha04177.png,342
captcha0643.png,158
captcha0648.png,48
captcha05352.png,104
captcha03921.png,63
captcha04344.png,283
captcha01390.png,74
captcha05002.png,320
captcha01333.png,341
captcha01889.png,88
captcha02238.png,290
captcha0565.png,33
captcha03658.png,57
captcha01659.png,56
captcha0452.png,350
captcha03370.png,122
captcha04544.png,199
captcha0316.png,27
captcha03232.png,317
captcha0333.png,254
captcha0925.png,240
captcha05083.png,40
captcha02769.png,81
captcha02030.png,204
captcha05025.png,359
captcha02235.png,16
captcha01093.png,338
captcha0738.png,24
captcha05509.png,284
captcha03100.png,215
captcha03051.png,190
captcha03974.png,172
captcha05805.png,195
captcha03285.png,94
captcha0559.png,192
captcha01600.png,220
captcha02771.png,332
captcha0757.png,272
captcha05834.png,72
captcha02861.png,73
captcha01493.png,128
captcha01559.png,284
captcha05502.png,144
captcha05098.png,229
captcha04830.png,212
captcha0715.png,184
captcha02104.png,200
captcha04135.png,185
captcha03338.png,162
captcha02687.png,82
captcha0906.png,337
captcha02299.png,137
captcha01220.png,153
captcha05675.png,171
captcha05621.png,223
captcha01166.png,341
captcha02026.png,166
captcha05130.png,316
captcha04727.png,304
captcha02019.png,242
captcha03511.png,172
captcha01695.png,41
captcha04244.png,16
captcha02101.png,353
captcha02214.png,272
captcha05174.png,93
captcha01450.png,262
captcha02794.png,298
captcha02862.png,183
captcha03343.png,292
captcha01073.png,241
captcha02505.png,332
captcha03828.png,38
captcha04060.png,155
captcha01023.png,11
captcha01373.png,64
captcha03203.png,60
captcha04068.png,226
captcha01955.png,331
captcha02813.png,10
captcha05767.png,138
captcha05151.png,298
captcha04838.png,316
captcha03451.png,83
captcha01417.png,356
captcha02357.png,199
captcha04754.png,128
captcha03954.png,53
captcha04034.png,38
captcha04966.png,267
captcha04960.png,63
captcha01946.png,12
captcha05734.png,252
captcha0993.png,131
captcha01067.png,82
captcha04781.png,281
captcha0616.png,343
captcha0671.png,218
captcha01215.png,128
captcha05076.png,54
captcha03819.png,198
captcha01457.png,53
captcha05833.png,197
captcha02293.png,283
captcha04879.png,147
captcha03498.png,42
captcha04144.png,144
captcha04077.png,113
captcha04290.png,124
captcha03650.png,303
captcha03381.png,113
captcha05406.png,145
captcha0646.png,234
captcha04933.png,201
captcha05214.png,19
captcha05233.png,33
captcha03659.png,257
captcha03437.png,208
captcha02123.png,264
captcha02955.png,211
captcha02450.png,213
captcha01343.png,240
captcha04553.png,97
captcha05476.png,223
captcha0911.png,123
captcha05617.png,76
captcha02767.png,132
captcha03055.png,225
captcha05215.png,287
captcha02729.png,323
captcha04561.png,252
captcha05499.png,193
captcha04122.png,286
captcha01003.png,177
captcha05035.png,42
captcha0829.png,354
captcha03362.png,27
captcha05272.png,107
captcha02660.png,318
captcha02848.png,257
captcha01597.png,144
captcha0380.png,311
captcha03837.png,149
captcha02725.png,72
captcha05252.png,347
captcha02273.png,256
captcha02201.png,356
captcha03394.png,31
captcha03490.png,150
captcha01943.png,125
captcha02041.png,225
captcha05710.png,329
captcha03517.png,12
captcha01089.png,16
captcha01697.png,229
captcha03293.png,170
captcha01753.png,48
captcha03606.png,235
captcha05170.png,138
captcha05197.png,279
captcha04318.png,349
captcha05730.png,118
captcha02698.png,31
captcha04315.png,141
captcha0558.png,287
captcha0950.png,200
captcha03863.png,276
captcha02989.png,167
captcha03479.png,194
captcha02585.png,83
captcha03442.png,18
captcha05812.png,176
captcha01075.png,44
captcha01860.png,234
captcha05631.png,249
captcha02525.png,145
captcha01184.png,171
captcha02143.png,164
captcha01862.png,145
captcha04560.png,156
captcha0461.png,293
captcha05643.png,339
captcha04850.png,342
captcha05176.png,157
captcha02094.png,84
captcha04036.png,210
captcha02800.png,166
captcha01177.png,190
captcha03036.png,103
captcha01958.png,268
captcha03603.png,33
captcha04241.png,159
captcha03536.png,116
captcha01704.png,291
captcha04279.png,187
captcha05782.png,152
captcha02090.png,353
captcha03537.png,4
captcha02768.png,48
captcha03389.png,36
captcha05860.png,64
captcha04017.png,123
captcha05744.png,183
captcha04864.png,158
captcha03769.png,154
captcha04801.png,271
captcha01395.png,305
captcha0610.png,328
captcha01050.png,26
captcha04983.png,337
captcha02889.png,39
captcha04335.png,120
captcha04938.png,313
captcha01202.png,172
captcha0366.png,30
captcha01455.png,172
captcha0389.png,277
captcha05256.png,180
captcha03209.png,325
captcha03305.png,132
captcha05216.png,100
captcha0756.png,150
captcha04843.png,269
captcha0691.png,280
captcha05324.png,138
captcha04205.png,123
captcha02294.png,198
captcha0345.png,169
captcha05717.png,254
captcha03164.png,59
captcha05658.png,358
captcha02909.png,183
captcha05711.png,73
captcha03776.png,278
captcha02921.png,82
captcha03940.png,83
captcha04680.png,344
captcha02345.png,220
captcha02248.png,196
captcha02433.png,220
captcha02207.png,63
captcha05619.png,315
captcha04168.png,40
captcha03286.png,73
captcha01156.png,310
captcha0421.png,340
captcha03744.png,258
captcha03452.png,35
captcha04494.png,225
captcha01842.png,140
captcha04112.png,120
captcha03845.png,17
captcha03059.png,50
captcha03150.png,311
captcha03699.png,218
captcha01369.png,130
captcha03660.png,66
captcha04750.png,28
captcha0603.png,266
captcha04940.png,145
captcha03742.png,207
captcha02965.png,305
captcha02904.png,213
captcha0816.png,118
captcha03591.png,133
captcha04673.png,174
captcha05554.png,354
captcha02906.png,243
captcha02350.png,269
captcha05797.png,188
captcha04010.png,151
captcha03021.png,188
captcha02479.png,261
captcha05371.png,60
captcha03856.png,3
captcha02086.png,25
captcha01230.png,78
captcha05004.png,86
captcha04916.png,136
captcha05065.png,61
captcha03597.png,251
captcha04155.png,300
captcha05234.png,80
captcha03613.png,114
captcha0682.png,201
captcha05099.png,25
captcha0348.png,6
captcha01391.png,330
captcha04688.png,313
captcha01924.png,308
captcha0468.png,62
captcha01040.png,266
captcha03851.png,118
captcha05421.png,327
captcha05541.png,110
captcha03295.png,295
captcha02089.png,40
captcha05633.png,267
captcha05839.png,245
captcha05323.png,196
captcha0319.png,82
captcha05755.png,58
captcha03004.png,174
captcha03541.png,209
captcha01693.png,234
captcha05808.png,222
captcha01384.png,180
captcha01393.png,33
captcha02658.png,13
captcha01124.png,206
captcha01832.png,127
captcha01544.png,82
captcha03434.png,216
captcha01616.png,240
captcha05012.png,129
captcha01887.png,228
captcha01747.png,280
captcha02783.png,153
captcha01692.png,288
captcha04403.png,276
captcha01066.png,270
captcha02422.png,327
captcha04646.png,338
captcha04159.png,104
captcha0422.png,38
captcha05382.png,185
captcha04741.png,82
captcha04828.png,289
captcha01667.png,116
captcha0692.png,233
captcha04224.png,61
captcha03168.png,285
captcha01825.png,352
captcha04420.png,142
captcha0704.png,133
captcha04220.png,287
captcha03008.png,294
captcha01342.png,299
captcha0622.png,191
captcha01625.png,271
captcha01817.png,236
captcha04839.png,55
captcha03103.png,188
captcha02257.png,229
captcha04500.png,89
captcha01295.png,14
captcha0432.png,74
captcha01783.png,239
captcha01804.png,282
captcha0331.png,358
captcha03790.png,77
captcha03685.png,106
captcha02124.png,181
captcha05329.png,76
captcha02628.png,149
captcha05125.png,229
captcha05461.png,290
captcha01053.png,345
captcha01024.png,94
captcha03619.png,94
captcha03866.png,201
captcha05054.png,157
captcha01908.png,145
captcha0385.png,165
captcha02454.png,5
captcha02891.png,35
captcha01947.png,259
captcha04796.png,141
captcha02447.png,266
captcha01917.png,12
captcha05870.png,338
captcha05110.png,188
captcha01926.png,88
captcha01831.png,176
captcha02837.png,313
captcha02247.png,112
captcha03062.png,22
captcha04388.png,109
captcha05422.png,95
captcha04866.png,223
captcha04755.png,167
captcha03759.png,215
captcha01037.png,134
captcha0841.png,166
captcha05064.png,295
captcha03206.png,3
captcha05535.png,116
captcha02036.png,155
captcha02680.png,184
captcha01260.png,234
captcha01571.png,155
captcha03989.png,83
captcha01470.png,108
captcha01910.png,350
captcha05011.png,251
captcha01518.png,260
captcha0864.png,5
captcha05849.png,189
captcha0686.png,227
captcha05013.png,105
captcha04350.png,162
captcha03201.png,73
captcha01646.png,80
captcha03318.png,135
captcha03611.png,165
captcha04185.png,341
captcha04023.png,248
captcha01916.png,56
captcha04734.png,76
captcha02303.png,200
captcha02444.png,343
captcha01854.png,121
captcha02856.png,20
captcha04139.png,26
captcha01229.png,185
captcha04990.png,162
captcha05466.png,113
captcha04191.png,187
captcha04652.png,78
captcha05338.png,115
captcha02339.png,192
captcha01907.png,205
captcha03184.png,58
captcha01480.png,330
captcha03322.png,186
captcha02147.png,174
captcha05856.png,29
captcha02314.png,215
captcha02993.png,37
captcha01915.png,257
captcha01720.png,5
captcha05189.png,212
captcha03925.png,106
captcha02211.png,290
captcha03968.png,82
captcha02281.png,205
captcha04738.png,146
captcha03125.png,224
captcha0917.png,66
captcha02230.png,69
captcha01488.png,297
captcha03748.png,110
captcha01261.png,316
captcha0392.png,144
captcha04390.png,134
captcha05349.png,198
captcha04008.png,173
captcha01319.png,14
captcha04490.png,344
captcha02878.png,169
captcha02776.png,99
captcha02404.png,40
captcha03718.png,96
captcha0577.png,233
captcha04276.png,52
captcha05287.png,134
captcha05337.png,62
captcha01249.png,170
captcha04961.png,326
captcha04846.png,357
captcha03060.png,185
captcha0895.png,191
captcha01175.png,140
captcha02342.png,199
captcha01355.png,121
captcha0984.png,207
captcha04788.png,153
captcha01321.png,161
captcha04705.png,160
captcha03435.png,140
captcha01392.png,134
captcha03615.png,73
captcha0582.png,220
captcha03623.png,129
captcha0591.png,183
captcha01101.png,30
captcha01377.png,111
captcha03676.png,203
captcha03500.png,267
captcha0840.png,344
captcha0947.png,271
captcha05848.png,261
captcha05868.png,353
captcha03643.png,313
captcha03909.png,41
captcha03319.png,228
captcha01620.png,141
captcha03829.png,319
captcha04821.png,208
captcha04233.png,233
captcha01987.png,312
captcha0825.png,229
captcha01349.png,251
captcha05863.png,271
captcha01164.png,31
captcha0958.png,332
captcha0858.png,115
captcha03475.png,59
captcha01485.png,312
captcha04284.png,122
captcha02526.png,85
captcha0851.png,273
captcha0764.png,21
captcha05243.png,332
captcha0581.png,230
captcha03533.png,300
captcha03376.png,60
captcha03593.png,257
captcha0728.png,193
captcha03249.png,277
captcha05097.png,358
captcha02829.png,299
captcha01773.png,25
captcha05598.png,198
captcha04452.png,151
captcha05596.png,210
captcha01734.png,303
captcha04281.png,101
captcha05840.png,93
captcha05397.png,283
captcha01305.png,279
captcha02031.png,262
captcha04129.png,85
captcha01538.png,342
captcha05261.png,28
captcha05265.png,123
captcha03758.png,267
captcha05468.png,134
captcha04369.png,267
captcha02824.png,167
captcha01769.png,340
captcha0492.png,352
captcha02186.png,91
captcha01151.png,338
captcha03988.png,320
captcha02394.png,123
captcha0798.png,246
captcha05419.png,168
captcha03174.png,165
captcha0913.png,248
captcha04982.png,31
captcha05796.png,349
captcha03163.png,28
captcha03161.png,248
captcha03515.png,131
captcha01489.png,32
captcha04329.png,66
captcha03308.png,134
captcha04365.png,246
captcha03792.png,274
captcha05637.png,195
captcha01134.png,36
captcha04467.png,233
captcha04005.png,156
captcha04385.png,303
captcha03224.png,211
captcha02761.png,139
captcha0790.png,79
captcha05731.png,336
captcha01918.png,207
captcha04455.png,49
captcha03492.png,48
captcha02067.png,90
captcha03299.png,325
captcha01650.png,349
captcha04028.png,148
captcha03627.png,264
captcha05121.png,143
captcha03045.png,205
captcha01168.png,288
captcha05424.png,214
captcha02282.png,349
captcha01906.png,202
captcha05361.png,136
captcha02990.png,289
captcha0791.png,329
captcha04605.png,164
captcha01674.png,83
captcha01421.png,74
captcha04033.png,57
captcha01113.png,27
captcha03556.png,271
captcha04355.png,200
captcha03091.png,241
captcha05835.png,192
captcha0509.png,348
captcha03497.png,319
captcha04876.png,184
captcha01326.png,154
captcha02623.png,193
captcha0802.png,292
captcha04079.png,298
captcha03930.png,226
captcha03664.png,270
captcha02223.png,5
captcha04217.png,2
captcha03474.png,142
captcha03714.png,151
captcha0861.png,3
captcha04232.png,284
captcha05787.png,249
captcha0587.png,349
captcha03325.png,76
captcha03815.png,220
captcha01748.png,159
captcha0729.png,141
captcha01929.png,189
captcha01631.png,142
captcha03518.png,65
captcha04590.png,100
captcha01008.png,225
captcha04787.png,285
captcha05458.png,42
captcha04744.png,39
captcha0783.png,204
captcha03453.png,42
captcha04824.png,62
captcha0599.png,115
captcha03696.png,130
captcha05628.png,149
captcha05309.png,265
captcha01542.png,142
captcha05079.png,287
captcha03756.png,143
captcha05195.png,336
captcha04949.png,139
captcha03095.png,205
captcha01834.png,258
captcha04722.png,149
captcha04055.png,52
captcha01649.png,115
captcha02344.png,295
captcha03982.png,170
captcha05831.png,55
captcha01269.png,277
captcha02272.png,117
captcha02919.png,32
captcha03905.png,216
captcha0438.png,249
captcha05584.png,88
captcha04858.png,301
captcha02202.png,274
captcha05380.png,142
captcha03827.png,124
captcha04312.png,125
captcha05555.png,301
captcha0346.png,8
captcha03711.png,120
captcha02011.png,354
captcha02355.png,14
captcha01232.png,12
captcha02043.png,189
captcha02502.png,164
captcha0885.png,124
captcha04111.png,334
captcha02778.png,271
captcha04662.png,348
captcha04658.png,270
captcha0963.png,127
captcha01824.png,307
captcha04772.png,334
captcha05625.png,35
captcha03111.png,299
captcha02000.png,151
captcha02643.png,21
captcha05166.png,249
captcha02347.png,80
captcha01272.png,182
captcha05109.png,242
captcha05319.png,257
captcha04165.png,312
captcha04934.png,277
captcha03245.png,205
captcha01829.png,175
captcha03266.png,110
captcha04554.png,203
captcha0855.png,205
captcha03234.png,166
captcha0740.png,237
captcha03803.png,158
captcha04184.png,110
captcha04895.png,19
captcha04400.png,121
captcha01174.png,246
captcha01618.png,329
captcha05626.png,282
captcha05277.png,178
captcha02929.png,221
captcha02377.png,203
captcha03443.png,331
captcha0905.png,67
captcha03850.png,270
captcha05689.png,292
captcha02220.png,0
captcha03886.png,282
captcha04237.png,257
captcha04375.png,120
captcha02959.png,165
captcha02913.png,289
captcha01225.png,127
captcha04444.png,164
captcha04496.png,101
captcha01128.png,359
captcha02986.png,168
captcha0982.png,253
captcha04598.png,338
captcha01814.png,76
captcha03012.png,39
captcha0590.png,41
captcha02963.png,158
captcha02265.png,223
captcha03941.png,30
captcha03978.png,20
captcha01630.png,51
captcha04173.png,78
captcha02500.png,53
captcha01258.png,245
captcha05268.png,236
captcha04063.png,74
captcha05704.png,83
captcha01795.png,338
captcha04285.png,118
captcha0605.png,147
captcha02520.png,113
captcha0977.png,166
captcha04913.png,265
captcha03204.png,1
captcha0424.png,105
captcha03306.png,326
captcha04259.png,300
captcha04653.png,199
captcha02563.png,246
captcha05600.png,329
captcha03097.png,90
captcha02178.png,334
captcha0936.png,69
captcha04835.png,112
captcha02634.png,254
captcha0538.png,219
captcha01284.png,318
captcha0406.png,85
captcha03999.png,270
captcha01178.png,346
captcha04170.png,313
captcha05308.png,152
captcha04525.png,343
captcha01250.png,128
captcha05792.png,37
captcha03271.png,265
captcha03359.png,63
captcha05561.png,34
captcha04042.png,25
captcha04141.png,174
captcha05368.png,157
captcha03270.png,280
captcha01363.png,89
captcha05381.png,169
captcha03937.png,274
captcha05208.png,79
captcha02600.png,338
captcha03980.png,236
captcha01921.png,192
captcha01789.png,247
captcha01195.png,307
captcha01782.png,189
captcha05813.png,112
captcha04975.png,6
captcha01530.png,61
captcha02099.png,211
captcha03331.png,21
captcha02863.png,315
captcha0416.png,139
captcha04656.png,224
captcha02859.png,237
captcha04231.png,332
captcha0869.png,19
captcha04469.png,350
captcha03384.png,157
captcha02363.png,229
captcha04453.png,8
captcha0979.png,107
captcha01560.png,209
captcha01657.png,67
captcha03413.png,241
captcha05148.png,89
captcha04620.png,342
captcha01120.png,276
captcha01029.png,280
captcha03636.png,104
captcha04347.png,247
captcha01717.png,159
captcha02855.png,276
captcha03849.png,165
captcha05500.png,338
captcha04115.png,146
captcha04247.png,333
captcha02659.png,21
captcha04183.png,52
captcha05334.png,133
captcha01818.png,189
captcha05843.png,102
captcha02543.png,347
captcha03799.png,65
captcha0929.png,175
captcha05642.png,288
captcha02125.png,11
captcha04811.png,136
captcha02263.png,23
captcha03557.png,51
captcha0915.png,132
captcha02587.png,122
captcha01727.png,354
captcha04406.png,124
captcha04805.png,194
captcha01304.png,44
captcha0564.png,128
captcha03148.png,359
captcha03288.png,296
captcha05526.png,49
captcha01359.png,8
captcha02053.png,343
captcha02578.png,311
captcha01794.png,329
captcha05441.png,269
captcha01662.png,50
captcha0801.png,344
captcha03160.png,306
captcha04665.png,38
captcha01990.png,115
captcha05224.png,73
captcha04660.png,126
captcha04743.png,79
captcha04295.png,126
captcha0344.png,314
captcha03975.png,125
captcha02985.png,146
captcha04200.png,108
captcha04720.png,57
captcha05680.png,336
captcha0714.png,80
captcha03404.png,214
captcha03596.png,265
captcha04747.png,34
captcha02756.png,320
captcha03559.png,138
captcha01949.png,264
captcha05802.png,104
captcha01413.png,173
captcha03283.png,107
captcha02165.png,327
captcha05753.png,217
captcha02702.png,35
captcha05246.png,288
captcha03393.png,25
captcha0632.png,100
captcha04277.png,31
captcha0607.png,290
captcha0810.png,178
captcha05018.png,62
captcha05192.png,156
captcha02559.png,134
captcha05116.png,248
captcha0593.png,53
captcha02755.png,25
captcha0806.png,101
captcha05061.png,323
captcha02609.png,89
captcha05532.png,213
captcha04080.png,134
captcha05465.png,198
captcha02226.png,342
captcha02331.png,17
captcha03186.png,249
captcha03281.png,311
captcha04869.png,287
captcha03406.png,245
captcha04383.png,127
captcha03543.png,10
captcha05092.png,225
captcha03629.png,216
captcha02360.png,94
captcha01591.png,350
captcha01112.png,274
captcha04199.png,14
captcha02557.png,145
captcha01977.png,17
captcha01317.png,192
captcha03296.png,159
captcha04969.png,2
captcha01925.png,114
captcha02779.png,348
captcha04539.png,142
captcha01549.png,351
captcha03417.png,49
captcha01237.png,139
captcha02748.png,290
captcha02925.png,329
captcha05563.png,218
captcha01966.png,190
captcha03323.png,61
captcha05137.png,349
captcha02809.png,5
captcha01045.png,2
captcha0470.png,242
captcha01923.png,0
captcha03997.png,7
captcha03152.png,144
captcha02565.png,193
captcha03697.png,251
captcha04851.png,4
captcha0773.png,133
captcha0321.png,351
captcha04443.png,277
captcha0852.png,103
captcha05165.png,163
captcha03182.png,40
captcha0634.png,90
captcha02618.png,61
captcha02712.png,5
captcha01572.png,179
captcha0640.png,208
captcha03079.png,286
captcha05420.png,234
captcha03298.png,241
captcha01362.png,59
captcha03235.png,129
captcha01057.png,121
captcha04394.png,259
captcha03336.png,270
captcha01197.png,179
captcha05540.png,214
captcha05187.png,165
captcha01939.png,316
captcha03986.png,118
captcha01696.png,18
captcha05244.png,2
captcha03067.png,225
captcha01568.png,352
captcha01708.png,177
captcha0324.png,147
captcha02622.png,172
captcha04303.png,7
captcha04389.png,302
captcha01091.png,290
captcha0932.png,36
captcha05335.png,15
captcha0664.png,236
captcha02899.png,246
captcha02650.png,305
captcha05604.png,338
captcha01048.png,307
captcha02507.png,181
captcha02692.png,157
captcha05144.png,341
captcha01661.png,213
captcha03010.png,100
captcha02514.png,80
captcha03360.png,32
captcha02860.png,145
captcha02338.png,327
captcha03493.png,237
captcha0725.png,310
captcha0755.png,126
captcha0940.png,251
captcha04160.png,40
captcha02726.png,9
captcha0658.png,114
captcha05019.png,350
captcha03890.png,273
captcha03337.png,14
captcha03883.png,278
captcha01409.png,71
captcha02487.png,265
captcha05391.png,111
captcha03855.png,141
captcha02638.png,112
captcha01689.png,197
captcha04126.png,145
captcha02334.png,217
captcha04792.png,19
captcha04238.png,174
captcha04437.png,231
captcha04501.png,113
captcha05592.png,143
captcha04591.png,68
captcha03928.png,248
captcha01604.png,141
captcha01341.png,144
captcha05603.png,79
captcha01352.png,235
captcha01525.png,227
captcha05369.png,328
captcha04100.png,94
captcha01389.png,112
captcha03768.png,56
captcha01731.png,204
captcha02850.png,93
captcha01320.png,187
captcha02994.png,124
captcha05697.png,140
captcha0511.png,167
captcha05142.png,32
captcha05094.png,8
captcha03913.png,320
captcha0745.png,105
captcha03087.png,174
captcha02458.png,316
captcha03864.png,221
captcha04977.png,19
captcha05141.png,304
captcha03121.png,82
captcha03747.png,233
captcha04487.png,238
captcha04728.png,347
captcha05443.png,251
